{
  "Routes": [
    //GeoIP API
    {
      "DownstreamPathTemplate": "/api/geoip/{ip_address}",
      "DownstreamScheme": "http",

      "DownstreamHostAndPorts": [
        {
          "Host": "localhost",
          "Port": "19398"
        }
      ],
      "UpstreamPathTemplate": "/gateway/api/geoip/{ip_address}",

      "UpstreamHttpMethod": [
        "GET"
      ],
      "key": "geoip"
    },
    //RDAP API
    {
      "DownstreamPathTemplate": "/api/rdap/{ip_address}",
      "DownstreamScheme": "http",

      "DownstreamHostAndPorts": [
        {
          "Host": "localhost",
          "Port": "60102"
        }
      ],
      "UpstreamPathTemplate": "/gateway/api/rdap/{ip_address}",

      "UpstreamHttpMethod": [
        "GET"
      ],
      "key": "rdap"
    },
    //ReverseDNS API
    {
      "DownstreamPathTemplate": "/api/reversedns/{ip_address}",
      "DownstreamScheme": "http",

      "DownstreamHostAndPorts": [
        {
          "Host": "localhost",
          "Port": "34810"
        }
      ],
      "UpstreamPathTemplate": "/gateway/api/reversedns/{ip_address}",

      "UpstreamHttpMethod": [
        "GET"
      ],
      "key": "reversedns"
    },
    //Ping API
    {
      "DownstreamPathTemplate": "/api/ping/{ip_address}",
      "DownstreamScheme": "http",

      "DownstreamHostAndPorts": [
        {
          "Host": "localhost",
          "Port": "32516"
        }
      ],
      "UpstreamPathTemplate": "/gateway/api/ping/{ip_address}",

      "UpstreamHttpMethod": [
        "GET"
      ],
      "key": "ping"
    }
  ],
  "Aggregates": [
    {
      "RouteKeys": [
        "geoip",
        "rdap",
        "reversedns",
        "ping"
      ],
      "Aggregator": "ResponseAggregator",
      "UpstreamPathTemplate": "/gateway/api/aggregate/{ip_address}"
    }
  ]
}